keys,en
UI_PLAY,Play
UI_QUIT,Quit
UI_BACK,Back
UI_START,Start
UI_SETTINGS,Settings
UI_TITLE_LOGO,Wacky Towers
UI_PROFILE_DEFAULT_NAME,Player %d
UI_CONTINUE,Continue
UI_MAP,Map
UI_QUIT_PROMPT,Quit the game?
UI_QUIT_KEEP,Stay
UI_SAVE_READONLY,Save is newer than this game. Progress will not be saved.
UI_PROFILE_CHIP,Change profile
UI_PROFILE_WHO,Who's playing?
UI_EDIT,Edit
UI_DONE,Done
UI_PROFILE_NEW,New profile
UI_PROFILE_RENAME,Rename
UI_PROFILE_DELETE,Delete
UI_PROFILE_ACTIVE,Playing now
UI_PROFILE_STARS,%d stars
UI_PROFILE_FURTHEST,Level %d
UI_PROFILE_KEEP,Keep
UI_PROFILE_DELETE_TITLE,Delete %s?
UI_PROFILE_DELETE_LOSS,%s will lose %d stars and %d levels. This cannot be undone.
UI_PROFILE_CREATE_TITLE,New profile
UI_PROFILE_RENAME_TITLE,Rename profile
UI_PROFILE_NAME_LABEL,Name
UI_PROFILE_DICE,Another name
UI_PROFILE_COLOR,Colour
UI_PROFILE_BADGE,Badge
UI_PROFILE_SAVE,Save
UI_PROFILE_NAME_TAKEN,Another profile already has that name
UI_PROFILE_NAME_EMPTY,Please type a name
UI_PROFILE_NAME_PIP,Pip
UI_PROFILE_NAME_CLOVER,Clover
UI_PROFILE_NAME_BRAMBLE,Bramble
UI_PROFILE_NAME_POPPY,Poppy
UI_PROFILE_NAME_MOSS,Moss
UI_PROFILE_NAME_TWIG,Twig
UI_PROFILE_NAME_BUTTON,Button
UI_PROFILE_NAME_FERN,Fern
UI_COLOR_LEMON,Lemon
UI_COLOR_LIME,Lime
UI_COLOR_MINT,Mint
UI_COLOR_SKY,Sky
UI_COLOR_LAVENDER,Lavender
UI_COLOR_PEACH,Peach
UI_BADGE_ACORN,Acorn
UI_BADGE_MUSHROOM,Mushroom
UI_BADGE_SNAIL,Snail
UI_BADGE_BEE,Bee
UI_BADGE_DAISY,Daisy
UI_BADGE_LEAF,Leaf
UI_BADGE_CLOUD,Cloud
UI_BADGE_WIZARD_HAT,Wizard hat
